<submits>
    <submit name="searchMatricNo"/>
    <submit name="searchICNO"/>    
    <submit name="searchName"/>
    
    <submit name="getProgram"/>
    <submit name="getFeeStructure"/>
    <submit name="getIntakeList"/> 
    <submit name="addFee"/> 
    <submit name="deleteFee"/>
    
    <submit name="getProgram_Invoice"/>
    <submit name="getTrack_Invoice"/>
    <submit name="createInvoices"/>
    
    <submit name="get"/>
    <submit name="newbill"/>
    <submit name="create"/>
    <submit name="addItem"/>
    <submit name="showbill"/>
    <submit name="deletebill"/>
</submits>