<submits>
    <submit name="searchMatric"/>
    <submit name="searchName"/>
    <submit name="getstudent"/>
    <submit name="preRegister"/>
    <submit name="doRegister"/>
    <submit name="editRegistration"/>
    <submit name="goPage_preReg"/>    
    
    <submit name="searchList"/>
    <submit name="preRegList"/>
	<submit name="goPage"/>
    
    <submit name="getProgram_Invoice"/>
    <submit name="getTrack_Invoice"/>
    <submit name="createInvoices"/>
    
    <submit name="get"/>
    <submit name="newbill"/>
    <submit name="create"/>
    <submit name="addItem"/>
    <submit name="showbill"/>
    <submit name="deletebill"/>        

</submits>