id,name,model_id:id,group_id:id,perm_read,perm_write,perm_create,perm_unlink
access_op_classroom_student,name_op_classroom_student,model_op_classroom,openeducat_core.group_op_back_office_admin,1,1,1,1
access_op_classroom_back_office,name_op_classroom_back_office,model_op_classroom,openeducat_core.group_op_back_office,1,1,0,0
access_op_classroom_back_office_admin,name_op_classroom_back_office_admin,model_op_classroom,openeducat_core.group_op_back_office_admin,1,1,1,1
access_op_classroom_faculty,name_op_classroom_faculty,model_op_classroom,openeducat_core.group_op_faculty,1,1,0,0
access_op_asset_faculty,name_op_asset_faculty,model_op_asset,openeducat_core.group_op_faculty,1,0,0,0
access_op_asset_back_office,name_op_asset_back_office,model_op_asset,openeducat_core.group_op_back_office,1,1,1,0
access_op_asset_back_office_admin,name_op_asset_back_office_admin,model_op_asset,openeducat_core.group_op_back_office_admin,1,1,1,1
