<actions>
    <!--
     PRE-REGISTRATION FORM
     -->
    <command name="">
        <action name="mecca.sis.view.register.PreRegistrationAllAction" />
        <views>
        	<target name="normal" view="vtl/sis/view/register/pre_register.vm"/>
        	<target name="error" view="vtl/sis/view/register/error.vm"/>        	
        </views>
    </command> 
    <command name="preRegister">
        <action name="mecca.sis.view.register.PreRegistrationAllAction" />
        <views>
        	<target name="normal" view="vtl/sis/view/register/pre_register.vm"/>
        	<target name="error" view="vtl/sis/view/register/error.vm"/>        	        	
        </views>
    </command>      
    <command name="searchMatric">
        <action name="mecca.sis.view.register.PreRegistrationAllAction" />
        <views>
        	<target name="normal" view="vtl/sis/view/register/student_search.vm"/>
        	<target name="error" view="vtl/sis/view/register/error.vm"/>        	        	
        </views>
    </command> 
    <command name="searchName">
        <action name="mecca.sis.view.register.PreRegistrationAllAction" />
        <views>
        	<target name="normal" view="vtl/sis/view/register/student_search.vm"/>
        	<target name="error" view="vtl/sis/view/register/error.vm"/>        	        	
        </views>
    </command>     
    <command name="getstudent">
        <action name="mecca.sis.view.register.PreRegistrationAllAction" />
        <views>
        	<target name="normal" view="vtl/sis/view/register/pre_register.vm"/>
        	<target name="error" view="vtl/sis/view/register/error.vm"/>        	        	
        </views>
    </command>  
    <command name="doRegister">
        <action name="mecca.sis.view.register.PreRegistrationAllAction" />        
        <views>
        	<target name="normal" view="vtl/sis/view/register/pre_register2.vm"/>
        	<target name="error" view="vtl/sis/view/register/error.vm"/>        	        	
        </views>
    </command> 
    <command name="gotoPage">
        <action name="mecca.sis.view.register.PreRegistrationAllAction" />        
        <views>
        	<target name="normal" view="vtl/sis/view/register/student_search.vm"/>
        	<target name="error" view="vtl/sis/view/register/error.vm"/>        	        	
        </views>
    </command>     
    

</actions>