<actions>
    <!--
     PRE-REGISTRATION FORM
     -->
    <command name="">
        <action name="mecca.sis.view.register.PreRegistrationAllAction" />
        <views>
        	<target name="left" view="vtl/sis/view/register/pre_register.vm"/>
        	<target name="right" view="vtl/sis/view/register/search_preregister.vm"/>
        	<target name="main" view="vtl/sis/view/register/blank.vm"/>
        </views>
    </command> 
    <command name="preRegister">
        <action name="mecca.sis.view.register.PreRegistrationAllAction" />
        <views>
        	<target name="left" view="vtl/sis/view/register/pre_register.vm"/>
        	<target name="right" view="vtl/sis/view/register/search_preregister.vm"/>
        	<target name="main" view="vtl/sis/view/register/blank.vm"/>
        </views>
    </command>      
    <command name="searchMatric">
        <action name="mecca.sis.view.register.PreRegistrationAllAction" />
        <views>
        	<target name="left" view="vtl/sis/view/register/student_search.vm"/>
        	<target name="right" view="vtl/sis/view/register/search_preregister.vm"/>
        	<target name="main" view="vtl/sis/view/register/blank.vm"/>
        </views>
    </command> 
    <command name="searchName">
        <action name="mecca.sis.view.register.PreRegistrationAllAction" />
        <views>
        	<target name="left" view="vtl/sis/view/register/student_search.vm"/>
        	<target name="right" view="vtl/sis/view/register/search_preregister.vm"/>
        	<target name="main" view="vtl/sis/view/register/blank.vm"/>
        </views>
    </command> 
    <command name="goPage_preReg">
        <action name="mecca.sis.view.register.PreRegistrationAllAction" />
        <views>
        	<target name="left" view="vtl/sis/view/register/student_search.vm"/>
        	<target name="right" view="vtl/sis/view/register/search_preregister.vm"/>
        	<target name="main" view="vtl/sis/view/register/blank.vm"/>
        </views>
    </command>         
    <command name="getstudent">
        <action name="mecca.sis.view.register.PreRegistrationAllAction" />
        <views>
        	<target name="left" view="vtl/sis/view/register/pre_register.vm"/>
        	<target name="right" view="vtl/sis/view/register/search_preregister.vm"/>
        	<target name="main" view="vtl/sis/view/register/blank.vm"/>
        </views>
    </command>  
    <command name="doRegister">
        <action name="mecca.sis.view.register.PreRegistrationAllAction" />
        <views>
        	<target name="left" view="vtl/sis/view/register/pre_register2.vm"/>
        	<target name="right" view="vtl/sis/view/register/search_preregister.vm"/>
        	<target name="main" view="vtl/sis/view/register/blank.vm"/>
        </views>
    </command> 
    
    <!--
    ENROLLMENT
    -->    
    <command name="searchList">
        <action name="mecca.sis.view.register.PreRegListAction" />
        <views>
        	<target name="left" view="vtl/sis/view/register/pre_register.vm"/>
        	<target name="right" view="vtl/sis/view/register/search_preregister.vm"/>
        	<target name="main" view="vtl/sis/view/register/blank.vm"/>
        </views>
    </command>               
    <command name="preRegList">
        <action name="mecca.sis.view.register.PreRegListAction" />
        <views>
        	<target name="left" view="vtl/sis/view/register/pre_register.vm"/>
        	<target name="right" view="vtl/sis/view/register/student_search2.vm"/>
        	<target name="main" view="vtl/sis/view/register/blank.vm"/>
        </views>
    </command>  
    <command name="goPage">
        <action name="mecca.sis.view.register.PreRegListAction" />
        <views>
        	<target name="left" view="vtl/sis/view/register/pre_register.vm"/>
        	<target name="right" view="vtl/sis/view/register/student_search2.vm"/>
        	<target name="main" view="vtl/sis/view/register/blank.vm"/>
        </views>
    </command>         
    
    
    
	<!--
	 INVOICE STUDENT BY BATCH
	 -->    
    <command name="doBatchInvoice">
        <action name="mecca.sis.view.bursary.BatchInvoiceAction" />
        <views>
        	<target name="left" view="vtl/sis/view/register/pre_register.vm"/>
        	<target name="right" view="vtl/sis/view/register/search_preregister.vm"/>
        	<target name="main" view="vtl/sis/view/bursary/batch_invoice.vm"/>
        </views>
    </command>      
    <command name="getProgram_Invoice">
        <action name="mecca.sis.view.bursary.BatchInvoiceGetProgramAction" />
        <views>
        	<target name="left" view="vtl/sis/view/register/pre_register.vm"/>
        	<target name="right" view="vtl/sis/view/register/search_preregister.vm"/>
        	<target name="main" view="vtl/sis/view/bursary/batch_invoice.vm"/>
        </views>
    </command>    
    <command name="getTrack_Invoice">
        <action name="mecca.sis.view.bursary.BatchInvoiceGetTrackAction" />
        <views>
        	<target name="left" view="vtl/sis/view/register/pre_register.vm"/>
        	<target name="right" view="vtl/sis/view/register/search_preregister.vm"/>
        	<target name="main" view="vtl/sis/view/bursary/batch_invoice.vm"/>
        </views>
    </command>  
    <command name="createInvoices">
        <action name="mecca.sis.view.bursary.BatchInvoiceCreateAction" />
        <views>
        	<target name="left" view="vtl/sis/view/register/pre_register.vm"/>
        	<target name="right" view="vtl/sis/view/register/search_preregister.vm"/>
        	<target name="main" view="vtl/sis/view/bursary/batch_invoice.vm"/>
        </views>
    </command>
    
    
    
	<!--
	 INVOICE TO STUDENT INDIVIDUAL 
	 -->    
   <command name="doStudentInvoice">
        <action name="mecca.sis.view.bursary.StudentInvAllAction" />
        <views>
        	<target name="left" view="vtl/sis/view/register/pre_register.vm"/>
        	<target name="right" view="vtl/sis/view/register/search_preregister.vm"/>
        	<target name="main" view="vtl/sis/view/bursary/studentInv_get.vm"/>
        </views>
    </command>    
    <command name="get">
        <action name="mecca.sis.view.bursary.StudentInvAllAction" />
        <views>
        	<target name="left" view="vtl/sis/view/register/pre_register.vm"/>
        	<target name="right" view="vtl/sis/view/register/search_preregister.vm"/>
        	<target name="main" view="vtl/sis/view/bursary/studentInv_invoice.vm"/>
        </views>
    </command>  
    <command name="newbill">
        <action name="mecca.sis.view.bursary.StudentInvAllAction" />
        <views>
        	<target name="left" view="vtl/sis/view/register/pre_register.vm"/>
        	<target name="right" view="vtl/sis/view/register/search_preregister.vm"/>
        	<target name="main" view="vtl/sis/view/bursary/student_billing_new.vm"/>
        </views>
    </command>    
    <command name="create">
        <action name="mecca.sis.view.bursary.StudentInvAllAction" />
        <views>
        	<target name="left" view="vtl/sis/view/register/pre_register.vm"/>
        	<target name="right" view="vtl/sis/view/register/search_preregister.vm"/>
        	<target name="main" view="vtl/sis/view/bursary/student_billing3.vm"/>
        </views>
    </command>    
    <command name="addItem">
        <action name="mecca.sis.view.bursary.StudentInvAllAction" />
        <views>
        	<target name="left" view="vtl/sis/view/register/pre_register.vm"/>
        	<target name="right" view="vtl/sis/view/register/search_preregister.vm"/>
        	<target name="main" view="vtl/sis/view/bursary/student_billing3.vm"/>
        </views>
    </command>    
    <command name="showbill">
        <action name="mecca.sis.view.bursary.StudentInvAllAction" />
        <views>
        	<target name="left" view="vtl/sis/view/register/pre_register.vm"/>
        	<target name="right" view="vtl/sis/view/register/blank.vm"/>
        	<target name="main" view="vtl/sis/view/bursary/student_billing5.vm"/>
        </views>
    </command>                      
    <command name="deletebill">
        <action name="mecca.sis.view.bursary.StudentInvAllAction" />
        <views>
        	<target name="left" view="vtl/sis/view/register/pre_register.vm"/>
        	<target name="right" view="vtl/sis/view/register/blank.vm"/>
        	<target name="main" view="vtl/sis/view/bursary/studentInv_invoice.vm"/>
        </views>
    </command> 
    
    
    <!--
    INVOICE TO SPONSOR
    -->              
    <command name="doInvoiceToSponsor">
        <action name="mecca.sis.view.register.InvoiceToSponsorAction" />
        <views>
        	<target name="left" view="vtl/sis/view/register/pre_register.vm"/>
        	<target name="right" view="vtl/sis/view/register/search_preregister.vm"/>
        	<target name="main" view="vtl/sis/view/under_dev.vm"/>
        </views>
    </command>                                    
    
</actions>