<?xml version="1.0" encoding="utf-8"?>
<odoo>
    <data noupdate="1">
        <record id="op_course_1" model="op.course">
            <field name="code">BOA</field>
            <field name="name">Bachelor of Accountancy</field>
            <field name="evaluation_type">GPA</field>
            <field name="department_id" ref="openeducat_core.op_department_3"/>
        </record>

        <record id="op_course_2" model="op.course">
            <field name="code">BOA1</field>
            <field name="name">BOA-Sem-1</field>
            <field name="evaluation_type">GPA</field>
            <field name="parent_id" ref="op_course_1"/>
            <field name="subject_ids"
                   eval="[(6,0, [ref('op_subject_1'), ref('op_subject_2'), ref('op_subject_3'), ref('op_subject_4')])]"/>
            <field name="department_id" ref="openeducat_core.op_department_3"/>
        </record>

        <record id="op_course_3" model="op.course">
            <field name="code">BOA2</field>
            <field name="name">BOA-Sem-2</field>
            <field name="evaluation_type">GPA</field>
            <field name="parent_id" ref="op_course_1"/>
            <field name="subject_ids"
                   eval="[(6,0, [ref('op_subject_5'), ref('op_subject_6'), ref('op_subject_7'), ref('op_subject_8')])]"/>
            <field name="department_id" ref="openeducat_core.op_department_3"/>
        </record>

        <record id="op_course_4" model="op.course">
            <field name="code">LRTP</field>
            <field name="name">Land Restoration Programme</field>
            <field name="evaluation_type">normal</field>
            <field name="subject_ids"
                   eval="[(6,0, [ref('op_subject_9'), ref('op_subject_10'), ref('op_subject_11'), ref('op_subject_12')])]"/>
            <field name="department_id" ref="openeducat_core.op_department_3"/>
        </record>

        <record id="op_course_5" model="op.course">
            <field name="code">IELTS</field>
            <field name="name">IELTS</field>
            <field name="evaluation_type">normal</field>
            <field name="subject_ids"
                   eval="[(6,0, [ref('op_subject_13'), ref('op_subject_14'), ref('op_subject_15'), ref('op_subject_16')])]"/>
            <field name="department_id" ref="openeducat_core.op_department_3"/>
        </record>

        <record id="op_course_6" model="op.course">
            <field name="code">G8C</field>
            <field name="name">Grade-8-Course</field>
            <field name="evaluation_type">normal</field>
            <field name="subject_ids"
                   eval="[(6,0, [ref('op_subject_17'), ref('op_subject_18'), ref('op_subject_19'), ref('op_subject_20')])]"/>
            <field name="department_id" ref="openeducat_core.op_department_3"/>
        </record>
    </data>
</odoo>
