<?xml version="1.0" encoding="utf-8"?>
<odoo>
    <data noupdate="1">
        <record id="op_user_student" model="res.users">
            <field name="name">Sumita</field>
            <field name="password">student</field>
            <field name="login">student@openeducat.com</field>
            <field name="is_student">True</field>
            <field name="tz">Asia/Calcutta</field>
            <field name="partner_id" ref="openeducat_core.op_res_partner_1"/>
            <field name="company_id" ref="base.main_company"/>
            <field name="groups_id"
                   eval="[(4,ref('base.group_portal'))]"/>
            <field name="dept_id" ref="openeducat_core.op_department_3"/>
            <field name="department_ids"
                   eval="[(4,ref('openeducat_core.op_department_3'))]"/>
        </record>

        <record id="op_user_faculty" model="res.users">
            <field name="login">faculty@openeducat.com</field>
            <field name="password">faculty</field>
            <field name="partner_id" ref="openeducat_core.op_res_partner_21"/>
            <field name="company_id" ref="base.main_company"/>
            <field name="groups_id"
                   eval="[(4,ref('openeducat_core.group_op_faculty'))]"/>
            <field name="dept_id" ref="openeducat_core.op_department_3"/>
            <field name="department_ids"
                   eval="[(4,ref('openeducat_core.op_department_3'))]"/>
        </record>

        <record id="op_user_bo" model="res.users">
            <field name="login">backoffice@openeducat.com</field>
            <field name="password">backoffice</field>
            <field name="partner_id" ref="openeducat_core.op_res_partner_31"/>
            <field name="company_id" ref="base.main_company"/>
            <field name="groups_id"
                   eval="[(4,ref('openeducat_core.group_op_back_office'))]"/>
            <field name="dept_id" ref="openeducat_core.op_department_3"/>
            <field name="department_ids"
                   eval="[(4,ref('openeducat_core.op_department_3'))]"/>
        </record>

        <record id="op_user_boa" model="res.users">
            <field name="login">backofficeadmin@openeducat.com</field>
            <field name="password">backofficeadmin</field>
            <field name="partner_id" ref="openeducat_core.op_res_partner_32"/>
            <field name="company_id" ref="base.main_company"/>
            <field name="groups_id"
                   eval="[(4,ref('openeducat_core.group_op_back_office_admin'))]"/>
            <field name="dept_id" ref="openeducat_core.op_department_3"/>
            <field name="department_ids"
                   eval="[(4,ref('openeducat_core.op_department_3'))]"/>
        </record>

        <record id="base.user_admin" model="res.users">
            <field name="dept_id" ref="openeducat_core.op_department_3"/>
            <field name="department_ids"
                   eval="[(4,ref('openeducat_core.op_department_1')),
                   (4,ref('openeducat_core.op_department_2')),
                   (4,ref('openeducat_core.op_department_3')),
                   (4,ref('openeducat_core.op_department_4'))]"/>
        </record>

        <record id="openeducat_core.op_res_partner_1" model="res.partner">
            <field name="user_id" ref="openeducat_core.op_user_student"/>
        </record>

        <record id="openeducat_core.op_res_partner_21" model="res.partner">
            <field name="user_id" ref="openeducat_core.op_user_faculty"/>
        </record>

        <record id="openeducat_core.op_res_partner_31" model="res.partner">
            <field name="user_id" ref="openeducat_core.op_user_bo"/>
        </record>

        <record id="openeducat_core.op_res_partner_32" model="res.partner">
            <field name="user_id" ref="openeducat_core.op_user_boa"/>
        </record>
    </data>
</odoo>
