<?xml version="1.0" encoding="ISO-8859-1"?>
<!--This document is intended only for use by authorized licensees of The Weather Channel. Unauthorized use is prohibited. Copyright 1995-2002, The Weather Channel Enterprises, Inc. All Rights Reserved.-->
<weather ver="2.0">
  <head>
    <locale>en_US</locale>
    <form>MEDIUM</form>
    <ut>C</ut>
    <ud>km</ud>
    <us>km/h</us>
    <up>mb</up>
    <ur>mm</ur>
  </head>
  <loc id="MYXX0008">
    <dnam>Kuala Lumpur, Malaysia</dnam>
    <tm>6:30 PM</tm>
    <lat>3.12</lat>
    <lon>101.55</lon>
    <sunr>7:27 AM</sunr>
    <suns>7:29 PM</suns>
    <zone>8</zone>
  </loc>
  <cc>
    <lsup>2/20/04 6:00 PM Local Time</lsup>
    <obst>Kuala Lumpur, Malaysia</obst>
    <tmp>31</tmp>
    <flik>35</flik>
    <t>Mostly Cloudy</t>
    <icon>28</icon>
    <bar>
      <r>1,008.1</r>
      <d>steady</d>
    </bar>
    <wind>
      <s>10</s>
      <gust>N/A</gust>
      <d>180</d>
      <t>S</t>
    </wind>
    <hmid>62</hmid>
    <vis>Unlimited</vis>
    <uv>
      <i>1</i>
      <t>Minimal</t>
    </uv>
    <dewp>23</dewp>
  </cc>
  <dayf>
    <lsup>2/20/04 8:14 AM Local Time</lsup>
    <day d="0" t="Friday" dt="Feb 20">
      <hi>32</hi>
      <low>23</low>
      <sunr>7:27 AM</sunr>
      <suns>7:29 PM</suns>
      <part p="d">
        <icon>38</icon>
        <t>Scattered T-Storms</t>
        <wind>
          <s>10</s>
          <gust>N/A</gust>
          <d>86</d>
          <t>E</t>
        </wind>
        <ppcp>40</ppcp>
        <hmid>65</hmid>
      </part>
      <part p="n">
        <icon>47</icon>
        <t>Scattered T-Storms</t>
        <wind>
          <s>6</s>
          <gust>N/A</gust>
          <d>61</d>
          <t>ENE</t>
        </wind>
        <ppcp>40</ppcp>
        <hmid>78</hmid>
      </part>
    </day>
    <day d="1" t="Saturday" dt="Feb 21">
      <hi>34</hi>
      <low>23</low>
      <sunr>7:27 AM</sunr>
      <suns>7:29 PM</suns>
      <part p="d">
        <icon>28</icon>
        <t>Mostly Cloudy</t>
        <wind>
          <s>6</s>
          <gust>N/A</gust>
          <d>117</d>
          <t>ESE</t>
        </wind>
        <ppcp>20</ppcp>
        <hmid>64</hmid>
      </part>
      <part p="n">
        <icon>27</icon>
        <t>Mostly Cloudy</t>
        <wind>
          <s>6</s>
          <gust>N/A</gust>
          <d>31</d>
          <t>NNE</t>
        </wind>
        <ppcp>20</ppcp>
        <hmid>79</hmid>
      </part>
    </day>
  </dayf>
</weather>

