<?xml version="1.0" encoding="utf-8"?>
<odoo>
    <data noupdate="1">
        <record id="op_product_1" model="product.product">
            <field name="name">Admission Fees for BOA</field>
            <field name="type">service</field>
            <field name="default_code">Admission Fees for BOA</field>
            <field name="categ_id" ref="op_prod_cat1"/>
            <field name="uom_id" ref="uom.product_uom_unit"/>
            <field name="uom_po_id" ref="uom.product_uom_unit"/>
            <field name="lst_price">100000</field>
        </record>

        <record id="op_product_2" model="product.product">
            <field name="name">Admission Fees for G8-AR</field>
            <field name="type">service</field>
            <field name="default_code">Admission Fees for G8-AR</field>
            <field name="categ_id" ref="op_prod_cat1"/>
            <field name="uom_id" ref="uom.product_uom_unit"/>
            <field name="uom_po_id" ref="uom.product_uom_unit"/>
            <field name="lst_price">20000</field>
        </record>

        <record id="op_product_3" model="product.product">
            <field name="name">Admission Fees for LTRP</field>
            <field name="type">service</field>
            <field name="default_code">Admission Fees for LTRP</field>
            <field name="categ_id" ref="op_prod_cat1"/>
            <field name="uom_id" ref="uom.product_uom_unit"/>
            <field name="uom_po_id" ref="uom.product_uom_unit"/>
            <field name="lst_price">80000</field>
        </record>

        <record id="op_product_4" model="product.product">
            <field name="name">Admission Fees for PPHD</field>
            <field name="type">service</field>
            <field name="default_code">Admission Fees for PPHD</field>
            <field name="categ_id" ref="op_prod_cat1"/>
            <field name="uom_id" ref="uom.product_uom_unit"/>
            <field name="uom_po_id" ref="uom.product_uom_unit"/>
            <field name="lst_price">100000</field>
        </record>

        <record id="op_product_5" model="product.product">
            <field name="name">Fees for IELTS</field>
            <field name="type">service</field>
            <field name="default_code">Fees for IELTS</field>
            <field name="categ_id" ref="op_prod_cat1"/>
            <field name="uom_id" ref="uom.product_uom_unit"/>
            <field name="uom_po_id" ref="uom.product_uom_unit"/>
            <field name="lst_price">30000</field>
        </record>

        <record id="op_product_6" model="product.product">
            <field name="name">Admission Fees for Grade-8</field>
            <field name="type">service</field>
            <field name="default_code">Admission Fees for Grade-8</field>
            <field name="categ_id" ref="op_prod_cat1"/>
            <field name="uom_id" ref="uom.product_uom_unit"/>
            <field name="uom_po_id" ref="uom.product_uom_unit"/>
            <field name="lst_price">20000</field>
        </record>

        <record id="op_product_7" model="product.product">
            <field name="name">Library Fees</field>
        </record>

        <record id="op_product_8" model="product.product">
            <field name="name">Tution Fees</field>
        </record>
    </data>
</odoo>
