id,name,model_id:id,group_id:id,perm_read,perm_write,perm_create,perm_unlink
document_page_user,document.page user,model_document_page,knowledge.group_document_user,1,0,0,0
document_page_history_user,document.page.history user,model_document_page_history,knowledge.group_document_user,1,0,0,0
document_page_editor,document.page editor,model_document_page,group_document_editor,1,1,1,0
document_page_history_editor,document.page.history editor,model_document_page_history,group_document_editor,1,1,1,0
document_page_manager,document.page manager,model_document_page,group_document_manager,1,1,1,1
document_page_history_manager,document.page.history manager,model_document_page_history,group_document_manager,1,1,1,0
