<actions>
    <command name="">
        <action name="mecca.sis.view.bursary.DefaultAction" />
        <views>
        	<target name="left" view="vtl/sis/view/bursary/search_payment.vm"/>
        	<target name="right" view="vtl/sis/view/bursary/batch_payment.vm"/>
        	<target name="main" view="vtl/sis/view/bursary/blank.vm"/>
        </views>
    </command>
   
    <command name="doFeeStructure">
        <action name="mecca.sis.view.bursary.FeeStructureAction" />
        <views>
        	<target name="left" view="vtl/sis/view/bursary/search_payment.vm"/>
        	<target name="right" view="vtl/sis/view/bursary/blank.vm"/>
        	<target name="main" view="vtl/sis/view/bursary/fee_structure.vm"/>
        </views>
    </command> 

  
 
    <command name="doInvoiceToSponsor">
        <action name="mecca.sis.view.bursary.InvoiceToSponsorAction" />
        <views>
        	<target name="left" view="vtl/sis/view/bursary/search_payment.vm"/>
        	<target name="right" view="vtl/sis/view/bursary/batch_payment.vm"/>
        	<target name="main" view="vtl/sis/view/bursary/blank.vm"/>
        </views>
    </command> 
    <command name="doReports">
        <action name="mecca.sis.view.bursary.ReportsAction" />
        <views>
        	<target name="left" view="vtl/sis/view/bursary/search_payment.vm"/>
        	<target name="right" view="vtl/sis/view/bursary/blank.vm"/>
        	<target name="main" view="vtl/sis/view/bursary/blank.vm"/>
        </views>
    </command>   
    
    <command name="searchMatricNo">
        <action name="mecca.sis.view.bursary.ReportsAction" />
        <views>
        	<target name="left" view="vtl/sis/view/bursary/search_payment.vm"/>
        	<target name="right" view="vtl/sis/view/bursary/blank.vm"/>
        	<target name="main" view="vtl/sis/view/bursary/blank.vm"/>
        </views>
    </command>  
    
    <command name="getProgram">
        <action name="mecca.sis.view.bursary.FeeStructureAction" />
        <views>
        	<target name="left" view="vtl/sis/view/bursary/search_payment.vm"/>
        	<target name="right" view="vtl/sis/view/bursary/blank.vm"/>
        	<target name="main" view="vtl/sis/view/bursary/fee_structure.vm"/>
        </views>
    </command> 
    <command name="getFeeStructure">
        <action name="mecca.sis.view.bursary.DisplayFeeStructureAction" />
        <views>
        	<target name="left" view="vtl/sis/view/bursary/search_payment.vm"/>
        	<target name="right" view="vtl/sis/view/bursary/blank.vm"/>
        	<target name="main" view="vtl/sis/view/bursary/fee_structure.vm"/>
        </views>
    </command>      
    <command name="getIntakeList">
        <action name="mecca.sis.view.bursary.GetIntakeListAction" />
        <views>
        	<target name="left" view="vtl/sis/view/bursary/search_payment.vm"/>
        	<target name="right" view="vtl/sis/view/bursary/blank.vm"/>
        	<target name="main" view="vtl/sis/view/bursary/fee_structure.vm"/>
        </views>
    </command> 
    <command name="addFee">
        <action name="mecca.sis.view.bursary.AddFeeAction" />
        <views>
        	<target name="left" view="vtl/sis/view/bursary/search_payment.vm"/>
        	<target name="right" view="vtl/sis/view/bursary/blank.vm"/>
        	<target name="main" view="vtl/sis/view/bursary/fee_structure.vm"/>
        </views>
    </command>  
    <command name="deleteFee">
        <action name="mecca.sis.view.bursary.DeleteFeeAction" />
        <views>
        	<target name="left" view="vtl/sis/view/bursary/search_payment.vm"/>
        	<target name="right" view="vtl/sis/view/bursary/blank.vm"/>
        	<target name="main" view="vtl/sis/view/bursary/fee_structure.vm"/>
        </views>
    </command>  
    
    
    <command name="doBatchInvoice">
        <action name="mecca.sis.view.bursary.BatchInvoiceAction" />
        <views>
        	<target name="left" view="vtl/sis/view/bursary/search_payment.vm"/>
        	<target name="right" view="vtl/sis/view/bursary/blank.vm"/>
        	<target name="main" view="vtl/sis/view/bursary/batch_invoice.vm"/>
        </views>
    </command>     
    <command name="getProgram_Invoice">
        <action name="mecca.sis.view.bursary.BatchInvoiceGetProgramAction" />
        <views>
        	<target name="left" view="vtl/sis/view/bursary/search_payment.vm"/>
        	<target name="right" view="vtl/sis/view/bursary/blank.vm"/>
        	<target name="main" view="vtl/sis/view/bursary/batch_invoice.vm"/>
        </views>
    </command>    
    <command name="getTrack_Invoice">
        <action name="mecca.sis.view.bursary.BatchInvoiceGetTrackAction" />
        <views>
        	<target name="left" view="vtl/sis/view/bursary/search_payment.vm"/>
        	<target name="right" view="vtl/sis/view/bursary/blank.vm"/>
        	<target name="main" view="vtl/sis/view/bursary/batch_invoice.vm"/>
        </views>
    </command>  
    <command name="createInvoices">
        <action name="mecca.sis.view.bursary.BatchInvoiceCreateAction" />
        <views>
        	<target name="left" view="vtl/sis/view/bursary/search_payment.vm"/>
        	<target name="right" view="vtl/sis/view/bursary/blank.vm"/>
        	<target name="main" view="vtl/sis/view/bursary/batch_invoice.vm"/>
        </views>
    </command> 
    
    
    <command name="doStudentInvoice">
        <action name="mecca.sis.view.bursary.StudentInvAllAction" />
        <views>
        	<target name="left" view="vtl/sis/view/bursary/search_payment.vm"/>
        	<target name="right" view="vtl/sis/view/bursary/blank.vm"/>
        	<target name="main" view="vtl/sis/view/bursary/studentInv_get.vm"/>
        </views>
    </command>    
    <command name="get">
        <action name="mecca.sis.view.bursary.StudentInvAllAction" />
        <views>
        	<target name="left" view="vtl/sis/view/bursary/search_payment.vm"/>
        	<target name="right" view="vtl/sis/view/bursary/blank.vm"/>
        	<target name="main" view="vtl/sis/view/bursary/studentInv_invoice.vm"/>
        </views>
    </command>  
    <command name="newbill">
        <action name="mecca.sis.view.bursary.StudentInvAllAction" />
        <views>
        	<target name="left" view="vtl/sis/view/bursary/search_payment.vm"/>
        	<target name="right" view="vtl/sis/view/bursary/blank.vm"/>
        	<target name="main" view="vtl/sis/view/bursary/student_billing_new.vm"/>
        </views>
    </command>    
    <command name="create">
        <action name="mecca.sis.view.bursary.StudentInvAllAction" />
        <views>
        	<target name="left" view="vtl/sis/view/bursary/search_payment.vm"/>
        	<target name="right" view="vtl/sis/view/bursary/blank.vm"/>
        	<target name="main" view="vtl/sis/view/bursary/student_billing3.vm"/>
        </views>
    </command>    
    <command name="addItem">
        <action name="mecca.sis.view.bursary.StudentInvAllAction" />
        <views>
        	<target name="left" view="vtl/sis/view/bursary/search_payment.vm"/>
        	<target name="right" view="vtl/sis/view/bursary/blank.vm"/>
        	<target name="main" view="vtl/sis/view/bursary/student_billing3.vm"/>
        </views>
    </command>    
    <command name="showbill">
        <action name="mecca.sis.view.bursary.StudentInvAllAction" />
        <views>
        	<target name="left" view="vtl/sis/view/bursary/search_payment.vm"/>
        	<target name="right" view="vtl/sis/view/bursary/blank.vm"/>
        	<target name="main" view="vtl/sis/view/bursary/student_billing5.vm"/>
        </views>
    </command>                      
    <command name="deletebill">
        <action name="mecca.sis.view.bursary.StudentInvAllAction" />
        <views>
        	<target name="left" view="vtl/sis/view/bursary/search_payment.vm"/>
        	<target name="right" view="vtl/sis/view/bursary/blank.vm"/>
        	<target name="main" view="vtl/sis/view/bursary/studentInv_invoice.vm"/>
        </views>
    </command>                                 
</actions>