<actions>

    <command name="">
        <action name="mecca.sis.payment.action.GetPaymentAction" />
        <views>
        	<target name="normal" view="vtl/sis/view/payment/getPayment.vm"/>
        	<target name="error" view="vtl/sis/view/register/error.vm"/>        	
        </views>
    </command> 
    <command name="getPayment">
        <action name="mecca.sis.payment.action.GetPaymentAction" />
        <views>
        	<target name="normal" view="vtl/sis/view/payment/getPayment.vm"/>
        	<target name="error" view="vtl/sis/view/register/error.vm"/>        	        	
        </views>
    </command>
    <command name="doPayment">
        <action name="mecca.sis.payment.action.DoPaymentAction" />
        <views>
        	<target name="normal" view="vtl/sis/view/payment/getPayment.vm"/>
        	<target name="error" view="vtl/sis/view/register/error.vm"/>        	        	
        </views>
    </command>          
 
</actions>