<actions>
    <command name="">
        <action name="mecca.sis.preregistration.action.PrepareRegistration" />
        <view name="vtl/sis/billing/deposit_payment.vm" />
    </command>
    <command name="doRegister">
        <action name="mecca.sis.preregistration.action.DoRegisterAction" />
        <view name="vtl/sis/billing/pre_registration_student.vm" />
    </command>    
    <command name="editRegistration">
        <action name="mecca.test.TestAction2" />
        <view name="vtl/test/test2.vm" />
    </command>
    <command name="getstudent">
        <action name="mecca.test.TestAction2" />
        <view name="vtl/test/test2.vm" />
    </command>    
</actions>